Family,Scientific Name,Common Name,Reporting status,Migratory status,Breeding status,Habitat Use,IUCN Status,Location Codes
Anatidae,Dendrocygna bicolor,Fulvous Whistling-Duck,CO,W,V,SW,LC,"AEC, AZ, BO, CH, DH, GA, KCS, SSK, TE, WMP, WS, WT"
Anatidae,Dendrocygna javanica,Lesser Whistling-Duck,CO,R,RB,SW,LC,"AEC, AZ, BO, CH, GA, KCS, SSK, TE, WMP, WS, WT"
Anatidae,Anser indicus,Bar-headed Goose,CO,W,V,SW,LC,"AZ, CH, DH, GA, KCS, WMP, WS, WT"
Anatidae,Anser anser,Graylag Goose,CO,W,V,SW,LC,"AEC, AZ, CH, DH, GA, KCS, WMP, WS, WT"
Anatidae,Anser serrirostris,Tundra Bean-Goose,VR,W,V,SW,LC,KCS
Anatidae,Tadorna ferruginea,Ruddy Shelduck,CO,W,V,SW,LC,"AEC, AZ, BP, CH, DH, GA, KCS, SSK, TE, WMP, WS, WT"
Anatidae,Tadorna tadorna,Common Shelduck,LR,W,V,SW,LC,"BP, CH, GA, KCS, WS, WT"
Anatidae,Nettapus coromandelianus,Cotton Pygmy-Goose,CO,R,RB,SW,LC,"AEC, AZ, DH, GA, KCS, WMP, WS, WT"
Anatidae,Sibirionetta formosa,Baikal Teal,LR,W,V,SW,LC,"AZ, DH, GA, KCS, WS, WT"
Anatidae,Spatula querquedula,Garganey,CO,W,V,SW,LC,"AEC, AZ, CH, GA, KCS, SSK, TE, WMP, WS, WT"
Anatidae,Spatula clypeata,Northern Shoveler,CO,W,V,SW,LC,"AEC, AZ, BO, BP, CH, GA, KCS, SSK, WMP, WS, WT"
Anatidae,Mareca strepera,Gadwall,CO,W,V,SW,LC,"AEC, AZ, BO, BP, CH, GA, KCS, SSK, WMP, WS, WT"
Anatidae,Mareca falcata,Falcated Duck,LR,W,V,SW,LC,"AZ, BP, GA, SSK, WMP, WS, WT"
Anatidae,Mareca strepera x falcata,Gadwall x Falcated Duck (hybrid),VR,W,V,SW,NIL,AEC
Anatidae,Mareca penelope,Eurasian Wigeon,CO,W,V,SW,LC,"AZ, BO, BP, CH, GA, KCS, SSK, WMP, WS, WT"
Anatidae,Anas poecilorhyncha,Indian Spot-billed Duck,CO,W,V,SW,LC,"AEC, AZ, BP, CH, GA, KCS, MP, WMP, WS, WT"
Anatidae,Anas zonorhyncha,Eastern Spot-billed Duck,LR,W,V,SW,LC,KCS
Anatidae,Anas platyrhynchos,Mallard,LR,W,V,SW,LC,"AZ, BO, BP, CH, GA, KCS, MP, SSK, TE, WMP, WS, WT"
Anatidae,Anas acuta,Northern Pintail,CO,W,V,SW,LC,"AZ, BO, BP, CH, DH, GA, KCS, SSK, WMP, WS, WT"
Anatidae,Anas crecca,Green-winged Teal,CO,W,V,SW,LC,"BO, CH, GA, KCS, MP, SSK, WMP, WS, WT"
Anatidae,Netta rufina,Red-crested Pochard,CO,W,V,OW,LC,"AZ, BO, CH, DH, GA, KCS, TE, WMP, WS, WT"
Anatidae,Aythya ferina,Common Pochard,CO,W,V,OW,VU,"AEC, AZ, BO, BP, CH, DH, GA, KCS, MP, SSK, WMP, WS, WT"
Anatidae,Aythya nyroca,Ferruginous Duck,CO,W,V,OW,NT,"AEC, AZ, BO, CH, GA, KCS, MP, WMP, WS, WT"
Anatidae,Aythya fuligula,Tufted Duck,CO,W,V,OW,LC,"AZ, BO, BP, CH, GA, KCS, MP, SSK, WMP, WS, WT"
Columbidae ,Columba livia,Rock Pigeon,CO,R,RB,OL,LC,"AEC, AZ, CH, GA, KCS, SSK, TE, WMP, WS, WT"
Columbidae ,Streptopelia orientalis,Oriental Turtle-Dove,CO,R,V,OL,LC,"AZ, BO, CH, GA, KCS, MG, SSK, WMP, WS, WT"
Columbidae ,Streptopelia decaocto,Eurasian Collared-Dove,LR,R,V,"GL, OL, SC",LC,"AZ, BO, CH, GA, KCS, SSK, WMP, WS, WT"
Columbidae ,Streptopelia tranquebarica,Red Collared-Dove,LD,R,RB,"GL, OL, SC",LC,"AZ, CH, GA, KCS, TE, WMP, WS, WT"
Columbidae ,Spilopelia chinensis,Spotted Dove,CO,R,RB,OL,LC,"AEC, AZ, BO, CH, GA, KCS, SSK, TE, WMP, WS, WT"
Columbidae ,Treron phoenicopterus,Yellow-footed Green-Pigeon,CO,R,RB,OL,LC,"AEC, AZ, CH, GA, KCS, SSK, TE, WMP, WS, WT"
Columbidae ,Ducula aenea,Green Imperial-Pigeon,LD,R,V,OL,NT,"AZ, MG"
Cuculidae ,Centropus sinensis,Greater Coucal,CO,R,RB,"GL, OL, SC",LC,"AEC, AZ, GA, KCS, TE, WMP, WS, WT"
Cuculidae ,Centropus bengalensis,Lesser Coucal,LD,R,B,GL,LC,"AEC, GA, KCS, SSK, TE, WMP, WS, WT"
Cuculidae ,Clamator jacobinus,Pied Cuckoo,CO,S,SB,"GL, OL, SC",LC,"GA, TE, WMP"
Cuculidae ,Eudynamys scolopaceus,Asian Koel,CO,R,RB,OL,LC,"AEC, AZ, CH, DH, GA, KCS, SSK, TE, WMP, WS, WT"
Cuculidae ,Cacomantis merulinus,Plaintive Cuckoo,CO,R,RB,"GL, SC",LC,"AEC, AZ, BO, GA, KCS, SSK, TE, WMP, WS, WT"
Cuculidae ,Cacomantis passerinus,Gray-bellied Cuckoo,VR,S,SB,"GL, SC",LC,"KCS, TE, WMP"
Cuculidae ,Hierococcyx varius,Common Hawk-Cuckoo,CO,R,RB,OL,LC,"AEC, AZ, CH, GA, KCS, SSK, TE, WMP, WS, WT"
Cuculidae ,Cuculus micropterus,Indian Cuckoo,CO,S,V,OL,LC,"AEC, AZ, CH, GA, KCS, MP, SSK, TE, WMP, WS, WT"
Cuculidae ,Cuculus canorus,Common Cuckoo,LR,P/S,V,"GL, OL, SC",LC,"GA, KCS, TE, WS, WT"
Caprimulgidae ,Caprimulgus macrurus,Large-tailed Nightjar,CO,R,V,"GL, OL, SC",LC,"CH, GA, MP"
Apodidae ,Aerodramus brevirostris,Himalayan Swiftlet,LD,R,V,OL,LC,TE
Apodidae ,Apus leuconyx,Blyth's Swift,LR,S,V,"GL, SC",LC,GA
Apodidae ,Apus nipalensis,House Swift,CO,R,V,"GL, SC",LC,"AEC, AZ, CH, GA, KCS, SSK, TE, WMP, WS, WT"
Apodidae ,Cypsiurus balasiensis,Asian Palm Swift,CO,R,RB,"GL, SC",LC,"AEC, AZ, CH, DH, GA, KCS, MP, SSK, TE, WMP, WS, WT"
Rallidae,Rallus indicus,Brown-cheeked Rail,CO,W,V,LM,LC,"GA, KCS"
Rallidae,Gallinula chloropus,Eurasian Moorhen,CO,W/R,RB,"LM, SW",LC,"AEC, AZ, BO, CH, DH, GA, KCS, SSK, TE, WMP, WS, WT"
Rallidae,Fulica atra,Eurasian Coot,CO,W,V,"LM, SW",LC,"AEC, AZ, BO, CH, DH, GA, KCS, SSK, TE, WMP, WS, WT"
Rallidae,Porphyrio poliocephalus,Gray-headed Swamphen,CO,R,RB,"LM, SW",LC,"AEC, AZ, BO, CH, GA, KCS, SSK, TE, WMP, WS, WT"
Rallidae,Gallicrex cinerea,Watercock,LD,R,B,"LM, SW",LC,"AZ, CH, GA, KCS, WMP, WS, WT"
Rallidae,Amaurornis phoenicurus,White-breasted Waterhen,CO,R,RB,LM,LC,"AEC, AZ, BO, CH, DH, GA, KCS, SSK, TE, WMP, WS, WT"
Rallidae,Zapornia fusca,Ruddy-breasted Crake,CO,R,RB,"LM, SW",LC,"AEC, CH, DH, GA, KCS, SSK, TE, WS, WT"
Rallidae,Zapornia akool,Brown Crake,LD,R,V,"LM, SW",LC,GA
Rallidae,Zapornia pusilla,Baillon's Crake,CO,W,V,"LM, SW",LC,"AZ, GA, KCS, TE, WMP"
Gruidae,Grus grus,Common Crane,VR,W,V,"GL, SC, SW",LC,GA
Burhinidae ,Burhinus indicus,Indian Thick-knee,LR,R,V,"GL, SC",LC,"CH, SSK"
Recurvirostridae ,Himantopus himantopus,Black-winged Stilt,CO,W,V,"LM, SW",LC,"AZ, BO, CH, GA, KCS, SSK, TE, WMP, WS, WT"
Recurvirostridae ,Recurvirostra avosetta,Pied Avocet,LR,W,V,"LM, SW",LC,"AEC, BO, BP, GA, KCS, WMP, WS, WT"
Charadriidae,Pluvialis fulva,Pacific Golden-Plover,LR,W,V,LM,LC,"CH, KCS, MP"
Charadriidae,Thinornis dubius,Little Ringed Plover,CO,R,V,LM,LC,"AEC, AZ, BO, CH, GA, KCS, MP, SSK, TE, WMP, WS, WT"
Charadriidae,Vanellus vanellus,Northern Lapwing,CO,W,V,"GL, LM, SC, SW",NT,"AEC, AZ, BO, CH, DH, GA, KCS, MP, TE, WMP, WS, WT"
Charadriidae,Vanellus duvaucelii,River Lapwing,LR,R,V,LM,NT,"CH, DH, GA, WS, WT"
Charadriidae,Vanellus malabaricus,Yellow-wattled Lapwing,LR,R,V,"GL, SC",LC,"CH, WMP, WS, WT"
Charadriidae,Vanellus cinereus,Gray-headed Lapwing,CO,W,V,"GL, SC",LC,"AEC, AZ, BO, CH, GA, KCS, SSK, TE, WMP, WS, WT"
Charadriidae,Vanellus indicus,Red-wattled Lapwing,CO,R,RB,"GL, SC, SW",LC,"AEC, AZ, BO, CH, GA, KCS, MP, SSK, TE, WMP, WS, WT"
Rostratulidae ,Rostratula benghalensis,Greater Painted-Snipe,LD,R,B,"GL, SC, SW",LC,"AEC, GA, KCS, TE, WMP, WS, WT"
Jacanidae,Hydrophasianus chirurgus,Pheasant-tailed Jacana,CO,R,RB,SW,LC,"AEC, AZ, BO, CH, DH, GA, KCS, SSK, WMP, WS, WT"
Jacanidae,Metopidius indicus,Bronze-winged Jacana,CO,R,RB,LM,LC,"AEC, AZ, BO, CH, GA, KCS, SSK, TE, WMP, WS, WT"
Scolopacidae,Numenius arquata,Eurasian Curlew,LR,W,V,LM,NT,"AEC, AZ, CH, GA, KCS, WS, WT"
Scolopacidae,Limosa limosa,Black-tailed Godwit,LR,W,V,LM,NT,"BO, GA, KCS, WS, WT"
Scolopacidae,Gallinago stenura,Pin-tailed Snipe,LR,W,V,LM,LC,"AZ, BO, CH, GA, KCS, WMP, WS, WT"
Scolopacidae,Gallinago gallinago,Common Snipe,CO,W,V,LM,LC,"AEC, AZ, BO, CH, DH, GA, KCS, SSK, TE, WMP, WS, WT"
Scolopacidae,Actitis hypoleucos,Common Sandpiper,CO,W,V,LM,LC,"AEC, AZ, BO, CH, DH, GA, KCS, SSK, TE, WMP, WS, WT"
Scolopacidae,Tringa ochropus,Green Sandpiper,CO,W,V,LM,LC,"AEC, AZ, BO, CH, DH, GA, KCS, SSK, TE, WMP, WS, WT"
Scolopacidae,Tringa stagnatilis,Marsh Sandpiper,LR,W,V,"LM, SW",LC,"AZ, BO, GA, KCS, SSK, WMP, WS, WT"
Scolopacidae,Tringa glareola,Wood Sandpiper,CO,W,V,LM,LC,"AEC, AZ, BO, CH, DH, GA, KCS, SSK, TE, WMP, WS, WT"
Scolopacidae,Tringa totanus,Common Redshank,LR,W,V,"LM, SW",LC,"AZ, BO, GA, KCS, SSK, WMP, WS, WT"
Scolopacidae,Tringa erythropus,Spotted Redshank,CO,W,V,"LM, SW",LC,"AZ, GA, KCS, SSK, TE, WMP, WS, WT"
Scolopacidae,Tringa nebularia,Common Greenshank,CO,W,V,"LM, SW",LC,"AEC, BO, BP, CH, GA, KCS, SSK, TE, WMP, WS, WT"
Scolopacidae,Calidris pugnax,Ruff,CO,W,V,"LM, SW",LC,"AZ, GA, KCS, SSK, WMP, WS, WT"
Scolopacidae,Calidris temminckii,Temminck's Stint,CO,W,V,"GL, SC, SW",LC,"AEC, AZ, BO, CH, GA, KCS, SSK, TE, WMP, WS, WT"
Scolopacidae,Calidris minuta,Little Stint,LR,W,V,LM,LC,"BO, BP, CH, GA, KCS, SSK, TE, WMP, WS, WT"
Turnicidae ,Turnix suscitator,Barred Buttonquail,LR,R,V,"GL, SC",LC,WMP
Glareolidae ,Glareola lactea,Small Pratincole,CO,R,V,LM,LC,"CH, GA, KCS, SSK, TE, WMP, WS, WT"
Laridae ,Rissa tridactyla,Black-legged Kittiwake,VR,V,V,"OW, SW",VU,GA
Laridae ,Chroicocephalus ridibundus,Black-headed Gull,CO,W,V,"OW, SW",LC,"AEC, AZ, BO, BP, CH, GA, KCS, SSK, WMP, WS, WT"
Laridae ,Chroicocephalus brunnicephalus,Brown-headed Gull,CO,W,V,"OW, SW",LC,"AEC, BO, BP, CH, GA, KCS, MP, SSK, TE, WMP, WS, WT"
Laridae ,Chroicocephalus genei,Slender-billed Gull,VR,W,V,"OW, SW",LC,GA
Laridae ,Ichthyaetus ichthyaetus,Pallas's Gull,LR,W,V,"OW, SW",LC,"AZ, CH, GA, KCS, WS, WT"
Laridae ,Chlidonias hybrida,Whiskered Tern,CO,S,V,SW,LC,"AEC, AZ, CH, GA, KCS, MP, SSK, WMP, WS, WT"
Laridae ,Sterna aurantia,River Tern,LR,R,V,SW,VU,"GA, KCS, TE, WS, WT"
Podicipedidae ,Tachybaptus ruficollis,Little Grebe,CO,R,RB,OW,LC,"AEC, AZ, BO, CH, DH, GA, KCS, SSK, TE, WMP, WS, WT"
Podicipedidae ,Podiceps cristatus,Great Crested Grebe,CO,W,V,OW,LC,"AEC, BO, CH, GA, KCS, MP, SSK, TE, WMP, WS, WT"
Podicipedidae ,Podiceps nigricollis,Eared Grebe,VR,W,V,OW,LC,"CH, GA, WS"
Ciconiidae ,Anastomus oscitans,Asian Openbill,CO,R,V,"LM, SW",LC,"AEC, AZ, BO, CH, DH, GA, KCS, SSK, TE, WMP, WS, WT"
Ciconiidae ,Ciconia nigra,Black Stork,LR,W,V,"LM, SW",LC,WMP
Ciconiidae ,Ciconia episcopus,Asian Woolly-necked Stork,LD,R,V,"LM, SW",NT,"GA, SSK, WMP, WS, WT"
Ciconiidae ,Ephippiorhynchus asiaticus,Black-necked Stork,LD,R,V,"LM, SW",LC,"GA, WS, WT"
Ciconiidae ,Leptoptilos javanicus,Lesser Adjutant,CO,R,V,"LM, SW",NT,"AEC, AZ, BO, CH, GA, KCS, MP, SSK, TE, WMP, WS, WT"
Ciconiidae ,Leptoptilos dubius,Greater Adjutant,CO,R,V,"LM, SW",NT,"AEC, AZ, CH, GA, KCS, SSK, TE, WMP, WS, WT"
Ciconiidae ,Mycteria leucocephala,Painted Stork,CO,R,V,"LM, SW",LC,WMP
Anhingidae ,Anhinga melanogaster,Oriental Darter,CO,R,V,"LM, SW",LC,"AEC, AZ, CH, DH, GA, KCS, SSK, TE, WMP, WS, WT"
Phalacrocoracidae,Microcarbo niger,Little Cormorant,CO,R,RB,"LM, SW",LC,"AEC, AZ, CH, GA, KCS, SSK, TE, WMP, WS, WT"
Phalacrocoracidae,Phalacrocorax carbo,Great Cormorant,CO,R,V,"LM, SW",LC,"AEC, AZ, BO, CH, GA, KCS, SSK, TE, WMP, WS, WT"
Threskiornithidae,Plegadis falcinellus,Glossy Ibis,CO,R,V,LM,LC,"AEC, AZ, BO, CH, DH, GA, KCS, SSK, TE, WMP, WS, WT"
Threskiornithidae,Threskiornis melanocephalus,Black-headed Ibis,LD,R,V,LM,LC,"AEC, AZ, CH, GA, KCS, WMP, WS, WT"
Ardeidae,Botaurus cinnamomeus,Cinnamon Bittern,LD,R,SB,LM,LC,"AZ, BO, CH, GA, KCS, MP, SSK, TE, WMP, WS, WT"
Ardeidae,Botaurus sinensis,Yellow Bittern,LD,R,SB,LM,LC,"AEC, AZ, CH, GA, KCS, MP, WMP, WS, WT"
Ardeidae,Nycticorax nycticorax,Black-crowned Night Heron,CO,R,RB,LM,LC,"AEC, AZ, CH, GA, KCS, MP, SSK, TE, WMP, WS, WT"
Ardeidae,Egretta garzetta,Little Egret,CO,R,RB,LM,LC,"AEC, AZ, BO, CH, GA, KCS, MP, SSK, TE, WMP, WS, WT"
Ardeidae,Ardeola grayii,Indian Pond-Heron,CO,R,RB,LM,LC,"AEC, AZ, BO, CH, GA, KCS, SSK, TE, WMP, WS, WT"
Ardeidae,Ardea coromanda,Eastern Cattle-Egret,CO,R,RB,LM,LC,"AEC, AZ, CH, DH, GA, KCS, SSK, TE, WMP, WS, WT"
Ardeidae,Ardea alba,Great Egret,CO,R,RB,"LM, SW",LC,"AEC, AZ, BO, CH, GA, KCS, SSK, TE, WMP, WS, WT"
Ardeidae,Ardea intermedia,Medium Egret,CO,R,V,"LM, SW",LC,"AEC, AZ, BO, CH, GA, KCS, SSK, TE, WMP, WS, WT"
Ardeidae,Ardea cinerea,Gray Heron,CO,W,RB,"LM, SW",LC,"AEC, AZ, CH, DH, GA, KCS, MP, SSK, TE, WMP, WS, WT"
Ardeidae,Ardea purpurea,Purple Heron,CO,R,V,"LM, SW",LC,"AEC, AZ, BO, CH, GA, KCS, SSK, TE, WMP, WS, WT"
Pelecanidae ,Pelecanus philippensis,Spot-billed Pelican,LR,R,V,"OW, SW",NT,"GA, WS, WT"
Pandionidae ,Pandion haliaetus,Osprey,CO,W/RR,RB,"GL, SC",LC,"AEC, DH, GA, KCS, WMP, WS, WT"
Accipitridae ,Elanus caeruleus,Black-winged Kite,LD,R,V,"GL, SC",LC,"AEC, GA, KCS, SSK, WMP, WS, WT"
Accipitridae ,Neophron percnopterus,Egyptian Vulture,VR,V,V,"GL, SC",EN,WMP
Accipitridae ,Pernis ptilorhynchus,Oriental Honey-buzzard,CO,R,V,"GL, SC",LC,"AEC, AZ, BO, CH, DH, GA, KCS, SSK, TE, WMP, WS, WT"
Accipitridae ,Gyps himalayensis,Himalayan Griffon,LR,W,V,"GL, SC",NT,"AZ, GA, KCS, TE, WMP, WS, WT"
Accipitridae ,Gyps bengalensis,White-rumped Vulture,LR,R,V,"GL, SC",CR,"GA, WS, WT"
Accipitridae ,Gyps tenuirostris,Slender-billed Vulture,LR,R,V,OL,CR,"GA, WS, WT"
Accipitridae ,Spilornis cheela,Crested Serpent-Eagle,CO,R,V,OL,LC,"AEC, GA, SSK, WMP, WS, WT"
Accipitridae ,Circaetus gallicus,Short-toed Snake-Eagle,LD,R,V,OL,LC,BO
Accipitridae ,Nisaetus cirrhatus,Changeable Hawk-Eagle,LD,R,V,OL,LC,"GA, WS, WT"
Accipitridae ,Clanga clanga,Greater Spotted Eagle,CO,W,V,OL,VU,"AEC, CH, GA, KCS, WMP, WS, WT"
Accipitridae ,Hieraaetus pennatus,Booted Eagle,CO,W,V,"OL, SC",LC,"AEC, AZ, CH, DH, GA, KCS, TE, WMP, WS, WT"
Accipitridae ,Aquila nipalensis,Steppe Eagle,LR,W,V,"OL, SC",EN,"GA, KCS, WMP, WS, WT"
Accipitridae ,Aquila heliaca,Imperial Eagle,LR,W,RB,"OL, SC",VU,"GA, WS, WT"
Accipitridae ,Tachyspiza badia,Shikra,CO,R,V,"OL, SC",LC,"AEC, AZ, CH, GA, KCS, MG, SSK, TE, WMP, WS, WT"
Accipitridae ,Circus spilonotus,Eastern Marsh Harrier,CO,W,V,GL,LC,"AZ, CH, GA, KCS"
Accipitridae ,Circus cyaneus,Hen Harrier,CO,W,V,GL,LC,"KCS, WS, WT"
Accipitridae ,Circus melanoleucos,Pied Harrier,CO,W,V,GL,LC,"AEC, AZ, CH, GA, KCS, MP, WMP, WS, WT"
Accipitridae ,Milvus migrans,Black Kite,CO,W/R,V,"OL, SC",LC,"AEC, AZ, BP, CH, DH, GA, KCS, SSK, TE, WMP, WS, WT"
Accipitridae ,Haliastur indus,Brahminy Kite,VR,W,V,OL,LC,WMP
Accipitridae ,Haliaeetus albicilla,White-tailed Eagle,LR,W,V,GL,LC,GA
Accipitridae ,Haliaeetus leucoryphus,Pallas's Fish-Eagle,LR,W,V,GL,EN,GA
Accipitridae ,Icthyophaga ichthyaetus,Gray-headed Fish-Eagle,LR,W,V,OL,NT,GA
Accipitridae ,Buteo buteo,Common Buzzard,LR,W,V,"GL, LM, SC",LC,"AEC, GA, KCS"
Accipitridae ,Buteo rufinus,Long-legged Buzzard,CO,W,V,"GL, LM, SC",LC,"AEC, CH, GA, KCS, WS, WT"
Accipitridae ,Buteo refectus,Himalayan Buzzard,LR,W,V,"GL, LM, SC",LC,"GA, KCS, WS, WT"
Tytonidae,Tyto javanica,Eastern Barn Owl,CO,R,V,"GL, OL, SC",LC,"TE, WS, WT"
Strigidae ,Otus lettia,Collared Scops-Owl,CO,R,V,"OL, SC",LC,"CH, GA, TE, WS, WT"
Strigidae ,Otus sunia,Oriental Scops-Owl,CO,R,V,OL,LC,"CH, GA, MP, TE, WS, WT"
Strigidae ,Glaucidium cuculoides,Asian Barred Owlet,CO,R,RB,"OL, SC",LC,"AEC, CH, DH, GA, KCS, TE, WS, WT"
Strigidae ,Athene brama,Spotted Owlet,CO,R,RB,"OL, SC",LC,"AEC, AZ, CH, DH, GA, KCS, TE, WMP, WS, WT"
Strigidae ,Asio flammeus,Short-eared Owl,LR,W,V,"GL, SC",LC,"GA, WS, WT"
Strigidae ,Ninox scutulata,Brown Boobook,CO,R,RB,OL,LC,"CH, KCS, MP, WS, WT"
Upupidae ,Upupa epops,Common Hoopoe,CO,R,V,"GL, SC",LC,"AEC, AZ, BO, CH, DH, GA, KCS, SSK, TE, WMP, WS, WT"
Meropidae ,Merops orientalis,Asian Green Bee-eater,CO,R,RB,"GL, SC",LC,"AEC, AZ, CH, GA, KCS, MG, SSK, TE, WMP, WS, WT"
Meropidae ,Merops philippinus,Blue-tailed Bee-eater,CO,S,V,"GL, SC",LC,"AEC, AZ, CH, GA, KCS, SSK, TE, WMP, WS, WT"
Alcedinidae,Alcedo atthis,Common Kingfisher,CO,R,RB,LM,LC,"AEC, AZ, BO, BP, CH, GA, KCS, SSK, TE, WMP, WS, WT"
Alcedinidae,Pelargopsis capensis,Stork-billed Kingfisher,CO,R,RB,"LM, OL",LC,"AEC, AZ, CH, GA, KCS, SSK, TE, WMP, WS, WT"
Alcedinidae,Halcyon smyrnensis,White-throated Kingfisher,CO,R,RB,"LM, OL",LC,"AEC, AZ, BO, CH, GA, KCS, SSK, TE, WMP, WS, WT"
Alcedinidae,Ceryle rudis,Pied Kingfisher,LD,R,V,LM,LC,"AEC, AZ, BP, CH, GA, KCS, SSK, WS, WT"
Coraciidae,Coracias affinis,Indochinese Roller,CO,R,RB,"GL, OL, SC",LC,"AEC, AZ, CH, GA, KCS, MP, SSK, TE, WMP, WS, WT"
Megalaimidae ,Psilopogon haemacephalus,Coppersmith Barbet,CO,R,RB,OL,LC,"AEC, AZ, CH, GA, KCS, SSK, TE, WMP, WS, WT"
Megalaimidae ,Psilopogon lineatus,Lineated Barbet,CO,R,RB,OL,LC,"AEC, AZ, CH, GA, KCS, SSK, TE, WMP, WS, WT"
Megalaimidae ,Psilopogon asiaticus,Blue-throated Barbet,CO,R,RB,OL,LC,"AEC, AZ, CH, DH, GA, KCS, MG, TE, WMP, WS, WT"
Picidae ,Jynx torquilla,Eurasian Wryneck,CO,W,V,"GL, SC",LC,"GA, KCS, TE, WMP"
Picidae ,Dendrocopos macei,Fulvous-breasted Woodpecker,CO,R,RB,OL,LC,"AEC, AZ, CH, DH, GA, KCS, SSK, TE, WMP, WS, WT"
Picidae ,Dinopium benghalense,Black-rumped Flameback,CO,R,RB,OL,LC,"AEC, AZ, CH, GA, KCS, SSK, TE, WS, WT"
Falconidae ,Falco tinnunculus,Eurasian Kestrel,CO,W,V,"GL, SC",LC,"AEC, AZ, BO, BP, CH, DH, GA, KCS, MP, WMP, WS, WT"
Falconidae ,Falco chicquera,Red-necked Falcon,LR,RR,V,"GL, SC",NT,WMP
Falconidae ,Falco amurensis,Amur Falcon,LR,P,V,"GL, SC",LC,"WS, WT"
Falconidae ,Falco subbuteo,Eurasian Hobby,LR,P,V,OL,LC,KCS
Falconidae ,Falco severus,Oriental Hobby,LR,RR,RB,OL,LC,TE
Falconidae ,Falco peregrinus,Peregrine Falcon,CO,W,V,"GL, OL, SC",LC,"AZ, CH, GA, KCS, WS, WT"
Psittaculidae,Psittacula krameri,Rose-ringed Parakeet,CO,R,V,"OL, SC",LC,"AEC, AZ, CH, GA, KCS, SSK, TE, WMP, WS, WT"
Psittaculidae,Psittacula alexandri,Red-breasted Parakeet,CO,R,V,OL,NT,"AEC, AZ, KCS, WMP, WS, WT"
Campephagidae ,Coracina javensis,Oriental Cuckooshrike,CO,R,V,OL,LC,"AEC, AZ, GA, KCS, MG, WS, WT"
Oriolidae,Oriolus tenuirostris,Slender-billed Oriole,LR,W,V,"OL, SC",LC,"GA, KCS"
Oriolidae,Oriolus xanthornus,Black-hooded Oriole,CO,R,RB,"OL, SC",LC,"AEC, AZ, CH, DH, GA, KCS, SSK, TE, WMP, WS, WT"
Artamidae ,Artamus fuscus,Ashy Woodswallow,CO,R,RB,"OL, SC",LC,"AEC, AZ, CH, GA, KCS, MG, SSK, TE, WMP, WS, WT"
Aegithinidae ,Aegithina tiphia,Common Iora,CO,R,RB,OL,LC,"GA, KCS, TE, WMP, WS, WT"
Dicruridae ,Dicrurus macrocercus,Black Drongo,CO,R,RB,"GL, SC",LC,"AEC, AZ, BO, CH, GA, KCS, SSK, TE, WMP, WS, WT"
Laniidae ,Lanius cristatus,Brown Shrike,CO,R,RB,"GL, SC",LC,"AEC, AZ, CH, DH, GA, KCS, SSK, TE, WMP, WS, WT"
Laniidae ,Lanius schach,Long-tailed Shrike,LD,R,V,"GL, SC",LC,"AEC, AZ, BO, CH, DH, GA, KCS, SSK, TE, WMP, WS, WT"
Laniidae ,Lanius tephronotus,Gray-backed Shrike,CO,R,V,"GL, OL, SC",LC,"AEC, AZ, BO, CH, GA, KCS, SSK, TE, WMP, WS, WT"
Corvidae ,Dendrocitta vagabunda,Rufous Treepie,CO,R,V,OL,LC,"AEC, AZ, CH, DH, GA, KCS, SSK, TE, WMP, WS, WT"
Corvidae ,Corvus splendens,House Crow,CO,R,RB,"GL, LM, OL, SC",LC,"AEC, AZ, BO, CH, GA, KCS, SSK, TE, WMP, WS, WT"
Corvidae ,Corvus macrorhynchos,Large-billed Crow,CO,R,RB,OL,LC,"AEC, AZ, CH, GA, KCS, SSK, TE, WMP, WS, WT"
Paridae,Parus cinereus,Asian Tit,CO,R,RB,OL,LC,"AEC, AZ, CH, DH, GA, KCS, MP, SSK, TE, WMP, WS, WT"
Alaudidae,Plocealauda assamica,Bengal Bushlark,CO,R,RB,"GL, SC",LC,"AEC, AZ, CH, GA, KCS, MP, SSK, TE, WMP, WS, WT"
Alaudidae,Alauda gulgula,Oriental Skylark,CO,R,RB,"GL, SC",LC,"AEC, AZ, CH, GA, KCS, SSK, TE, WMP, WS, WT"
Cisticolidae ,Orthotomus sutorius,Common Tailorbird,CO,R,RB,"OL, SC",LC,"AEC, AZ, BO, CH, GA, KCS, SSK, TE, WMP, WS, WT"
Cisticolidae ,Prinia inornata,Plain Prinia,CO,R,RB,"GL, SC",LC,"AEC, AZ, BO, CH, GA, KCS, SSK, TE, WMP, WS, WT"
Cisticolidae ,Cisticola juncidis,Zitting Cisticola,CO,R,RB,"GL, SC",LC,"AEC, AZ, CH, GA, KCS, MP, SSK, TE, WMP, WS, WT"
Cisticolidae ,Cisticola exilis,Golden-headed Cisticola,LD,R,V,GL,LC,KCS
Acrocephalidae,Arundinax aedon,Thick-billed Warbler,CO,W,V,SC,LC,"AEC, AZ, CH, GA, KCS, SSK, TE, WMP, WS, WT"
Acrocephalidae,Acrocephalus bistrigiceps,Black-browed Reed Warbler,CO,W,V,LM,LC,"CH, GA, KCS, WS, WT"
Acrocephalidae,Acrocephalus agricola,Paddyfield Warbler,CO,W,V,LM,LC,"AZ, CH, GA, KCS, TE, WMP, WS, WT"
Acrocephalidae,Acrocephalus dumetorum,Blyth's Reed Warbler,CO,W,V,LM,LC,"AEC, AZ, BO, CH, GA, KCS, SSK, TE, WMP, WS, WT"
Acrocephalidae,Acrocephalus stentoreus,Clamorous Reed Warbler,LD,W/R,V,LM,LC,"AEC, AZ, DH, GA, KCS, SSK, WS, WT"
Locustellidae ,Helopsaltes certhiola,Pallas's Grasshopper Warbler,CO,W,V,LM,LC,"AEC, AZ, BP, CH, GA, KCS, SSK, TE, WMP, WS, WT"
Locustellidae ,Locustella davidi,Baikal Bush Warbler,CO,W,V,"GL, SC",LC,KCS
Locustellidae ,Locustella thoracica,Spotted Bush Warbler,CO,W,V,"GL, SC",LC,"TE, WMP"
Locustellidae ,Megalurus palustris,Striated Grassbird,CO,R,RB,"GL, SC",LC,"AEC, AZ, BO, CH, GA, KCS, SSK, TE, WMP, WS, WT"
Hirundinidae ,Riparia chinensis,Gray-throated Martin,CO,R,V,"GL, SC",LC,"AEC, AZ, BO, CH, DH, GA, KCS, SSK, TE, WMP, WS, WT"
Hirundinidae ,Riparia riparia,Bank Swallow,CO,W,V,"GL, SC",LC,"AEC, AZ, CH, DH, GA, KCS, SSK, TE, WMP, WS, WT"
Hirundinidae ,Hirundo rustica,Barn Swallow,CO,W,V,"GL, SC",LC,"AEC, AZ, BO, CH, GA, KCS, SSK, TE, WMP, WS, WT"
Hirundinidae ,Delichon dasypus,Asian House-Martin,LR,R,V,"GL, OL, SC",LC,GA
Hirundinidae ,Cecropis daurica,Eastern Red-rumped Swallow,CO,R,V,"GL, OL, SC",LC,"AEC, AZ, CH, GA, KCS, MP, SSK, TE, WMP, WS, WT"
Hirundinidae ,Petrochelidon fluvicola,Streak-throated Swallow,VR,V,V,"GL, SC",LC,"AEC, GA, KCS"
Pycnonotidae ,Pycnonotus jocosus,Red-whiskered Bulbul,CO,R,V,"OL, SC",LC,"AEC, GA, KCS, TE, WMP, WS, WT"
Pycnonotidae ,Pycnonotus cafer,Red-vented Bulbul,CO,R,RB,"OL, SC",LC,"AEC, AZ, BO, CH, DH, GA, KCS, SSK, TE, WMP, WS, WT"
Phylloscopidae ,Phylloscopus inornatus,Yellow-browed Warbler,CO,W,V,OL,LC,"AEC, AZ, CH, GA, KCS, MG, SSK, WS, WT"
Phylloscopidae ,Phylloscopus affinis,Tickell's Leaf Warbler,CO,W,V,"OL, SC",LC,"AZ, GA, KCS, MG, SSK, WS, WT"
Phylloscopidae ,Phylloscopus fuscatus,Dusky Warbler,CO,W,V,"LM, OL, SC",LC,"AEC, AZ, BO, CH, DH, GA, KCS, SSK, TE, WMP, WS, WT"
Phylloscopidae ,Phylloscopus collybita,Common Chiffchaff,LR,W,V,SC,LC,"GA, KCS"
Phylloscopidae ,Phylloscopus trochiloides,Greenish Warbler,CO,W,V,OL,LC,"AEC, CH, DH, GA, MP, SSK, WMP, WS, WT"
Sylviidae ,Curruca curruca,Lesser Whitethroat,VR,W,V,SC,LC,KCS
Zosteropidae ,Zosterops palpebrosus,Indian White-eye,CO,R,V,OL,LC,"AEC, GA, KCS, MG, TE, WS, WT"
Leiothrichidae,Argya striata,Jungle Babbler,CO,R,RB,"OL, SC",LC,"AEC, AZ, CH, DH, GA, KCS, SSK, TE, WMP, WS, WT"
Sturnidae ,Gracula religiosa,Common Hill Myna,CO,R,V,OL,LC,"AEC, AZ, BP, CH, GA, KCS, TE, WMP, WS, WT"
Sturnidae ,Sturnus vulgaris,European Starling,CO,W,V,"GL, SC",LC,"AZ, CH, DH, GA, KCS, WMP, WS, WT"
Sturnidae ,Gracupica contra,Indian Pied Starling,CO,R,RB,"GL, SC",LC,"AEC, AZ, CH, GA, KCS, SSK, TE, WMP, WS, WT"
Sturnidae ,Sturnia malabarica,Chestnut-tailed Starling,CO,R,V,"OL, SC",LC,"AEC, AZ, BO, CH, DH, GA, KCS, SSK, TE, WMP, WS, WT"
Sturnidae ,Acridotheres tristis,Common Myna,CO,R,RB,"GL, SC",LC,"AEC, AZ, BO, CH, GA, KCS, MP, SSK, TE, WMP, WS, WT"
Sturnidae ,Acridotheres ginginianus,Bank Myna,CO,R,V,"GL, SC",LC,"AEC, AZ, BO, CH, GA, KCS, SSK, TE, WMP, WS, WT"
Sturnidae ,Acridotheres fuscus,Jungle Myna,CO,R,RB,"GL, SC",LC,"AEC, AZ, CH, GA, KCS, MP, SSK, TE, WMP, WS, WT"
Sturnidae ,Acridotheres grandis,Great Myna,CO,R,RB,"GL, SC",LC,"AEC, AZ, BO, CH, GA, KCS, MP, SSK, TE, WMP, WS, WT"
Turdidae,Turdus atrogularis,Black-throated Thrush,LR,W,RB,"GL, SC",LC,AEC
Muscicapidae ,Copsychus saularis,Oriental Magpie-Robin,CO,R,RB,"GL, OL, SC",LC,"AEC, AZ, CH, DH, GA, KCS, SSK, TE, WMP, WS, WT"
Muscicapidae ,Luscinia svecica,Bluethroat,CO,W,V,"GL, SC",LC,"AEC, AZ, GA, KCS, SSK, TE, WMP, WS, WT"
Muscicapidae ,Calliope calliope,Siberian Rubythroat,CO,W,V,"GL, SC",LC,"AEC, AZ, DH, GA, KCS, TE, WMP"
Muscicapidae ,Calliope tschebaiewi,Chinese Rubythroat,CO,W,V,"GL, SC",LC,KCS
Muscicapidae ,Ficedula albicilla,Taiga Flycatcher,CO,W,V,OL,LC,"AEC, CH, DH, GA, KCS, MG, SSK, TE, WMP, WS, WT"
Muscicapidae ,Phoenicurus ochruros,Black Redstart,CO,SP,V,SC,LC,"GA, KCS, TE, WMP, WS, WT"
Muscicapidae ,Monticola solitarius,Blue Rock-Thrush,CO,W,V,SC,LC,"GA, SSK, WS, WT"
Muscicapidae ,Saxicola maurus,Siberian Stonechat,CO,W,V,"GL, LM, SC",LC,"AEC, AZ, BO, CH, GA, KCS, SSK, TE, WMP, WS, WT"
Muscicapidae ,Saxicola caprata,Pied Bushchat,LD,W,V,"GL, SC",LC,"DH, KCS, WMP"
Muscicapidae ,Oenanthe isabellina,Isabelline Wheatear,VR,P,V,"GL, SC",LC,GA
Dicaeidae ,Dicaeum minullum,Plain Flowerpecker,CO,R,V,OL,LC,"KCS, MG, WS, WT"
Dicaeidae ,Dicaeum cruentatum,Scarlet-backed Flowerpecker,CO,R,V,OL,LC,"AEC, CH, GA, KCS, MG, SSK, TE, WS, WT"
Nectariniidae ,Cinnyris asiaticus,Purple Sunbird,CO,R,RB,"OL, SC",LC,"AEC, AZ, CH, GA, KCS, MG, SSK, TE, WMP, WS, WT"
Nectariniidae ,Aethopyga siparaja,Crimson Sunbird,CO,R,RB,"OL, SC",LC,"AEC, AZ, CH, GA, KCS, MG, WMP, WS, WT"
Ploceidae ,Ploceus manyar,Streaked Weaver,LD,R,B,GL,LC,"GA, KCS, TE, WMP, WS, WT"
Ploceidae ,Ploceus philippinus,Baya Weaver,CO,R,B,"GL, SC",LC,"AEC, AZ, BO, CH, GA, KCS, SSK, TE, WMP, WS, WT"
Ploceidae ,Ploceus benghalensis,Black-breasted Weaver,CO,R,B,GL,LC,"AEC, AZ, GA, KCS, SSK, WMP, WS, WT"
Estrildidae,Lonchura punctulata,Scaly-breasted Munia,CO,R,RB,"GL, SC",LC,"AEC, AZ, BO, CH, GA, KCS, SSK, TE, WMP, WS, WT"
Estrildidae,Lonchura striata,White-rumped Munia,CO,R,RB,"GL, OL, SC",LC,"AZ, GA, KCS, MG, WMP, WS, WT"
Estrildidae,Lonchura atricapilla,Chestnut Munia,CO,R,RB,GL,LC,"AEC, AZ, GA, KCS, SSK, TE, WMP, WS, WT"
Passeridae ,Passer domesticus,House Sparrow,CO,R,RB,"GL, SC",LC,"AEC, AZ, CH, DH, GA, KCS, SSK, TE, WMP, WS, WT"
Passeridae ,Passer montanus,Eurasian Tree Sparrow,CO,R,RB,"GL, SC",LC,"AEC, AZ, CH, GA, KCS, MP, SSK, TE, WMP, WS, WT"
Motacillidae ,Motacilla cinerea,Gray Wagtail,CO,W,V,OL,LC,"AEC, AZ, CH, GA, KCS, SSK, TE, WMP, WS, WT"
Motacillidae ,Motacilla tschutschensis,Eastern Yellow Wagtail,CO,W,V,"GL, LM, SC",LC,"AZ, CH, GA, KCS, MP, SSK, TE, WMP, WS, WT"
Motacillidae ,Motacilla citreola,Citrine Wagtail,CO,W,V,"GL, LM, SC",LC,"AEC, AZ, BO, CH, GA, KCS, SSK, TE, WMP, WS, WT"
Motacillidae ,Motacilla alba,White Wagtail,CO,W,V,"GL, LM, SC",LC,"AEC, AZ, BO, CH, GA, KCS, SSK, TE, WMP, WS, WT"
Motacillidae ,Anthus rufulus,Paddyfield Pipit,CO,W,RB,"GL, SC",LC,"AEC, AZ, BO, CH, GA, KCS, SSK, TE, WMP, WS, WT"
Motacillidae ,Anthus godlewskii,Blyth's Pipit,CO,SP,V,"GL, SC",LC,"AEC, BO, CH, MP, WMP, WS, WT"
Motacillidae ,Anthus roseatus,Rosy Pipit,CO,W,V,"GL, SC",LC,"AEC, AZ, CH, GA, KCS, MP, SSK, TE, WMP, WS, WT"
Motacillidae ,Anthus hodgsoni,Olive-backed Pipit,CO,W,V,"GL, OL, SC",LC,"AEC, AZ, BO, CH, GA, KCS, SSK, TE, WMP, WS, WT"
Motacillidae ,Anthus spinoletta,Water Pipit,VR,P,V,"GL, SC",LC,GA
Emberizidae ,Emberiza pusilla,Little Bunting,LR,W,V,"GL, SC",LC,"GA, SSK"
